<properties>
	<junit.version>4.10</junit.version>
	<spring.version>3.2.2.RELEASE</spring.version>
	<log4j.version>1.2.16</log4j.version>
	<servlet-api.version>2.5</servlet-api.version>
	<jackson.version>1.9.2</jackson.version>
	<slf4j.version>1.6.0</slf4j.version>
	<json.version>2.4</json.version>
	<xstream.version>1.4.3</xstream.version>
</properties>
<dependencies>
	<dependency>
		<groupId>junit</groupId>
		<artifactId>junit</artifactId>
		<version>${junit.version}</version>
	</dependency>
	<dependency>
		<groupId>org.springframework</groupId>
		<artifactId>spring-context</artifactId>
		<version>${spring.version}</version>
		<type>jar</type>
		<scope>compile</scope>
	</dependency>
	<dependency>
		<groupId>org.springframework</groupId>
		<artifactId>spring-core</artifactId>
		<version>${spring.version}</version>
		<type>jar</type>
		<scope>compile</scope>
	</dependency>
	<dependency>
		<groupId>org.springframework</groupId>
		<artifactId>spring-web</artifactId>
		<version>${spring.version}</version>
		<type>jar</type>
		<scope>compile</scope>
	</dependency>
	<dependency>
		<groupId>org.springframework</groupId>
		<artifactId>spring-webmvc</artifactId>
		<version>${spring.version}</version>
		<scope>compile</scope>
	</dependency>
	<dependency>
		<groupId>org.springframework</groupId>
		<artifactId>spring-oxm</artifactId>
		<version>${spring.version}</version>
	</dependency>
	<dependency>
		<groupId>log4j</groupId>
		<artifactId>log4j</artifactId>
		<version>${log4j.version}</version>
		<scope>compile</scope>
	</dependency>
	<dependency>
		<groupId>javax.servlet</groupId>
		<artifactId>servlet-api</artifactId>
		<version>${servlet-api.version}</version>
		<type>jar</type>
		<scope>provided</scope>
	</dependency>
	<dependency>
		<groupId>org.codehaus.jackson</groupId>
		<artifactId>jackson-core-lgpl</artifactId>
		<version>${jackson.version}</version>
	</dependency>
	<dependency>
		<groupId>org.codehaus.jackson</groupId>
		<artifactId>jackson-mapper-lgpl</artifactId>
		<version>${jackson.version}</version>
	</dependency>
	<dependency>
		<groupId>org.slf4j</groupId>
		<artifactId>slf4j-log4j12</artifactId>
		<version>${slf4j.version}</version>
		<type>jar</type>
		<scope>compile</scope>
	</dependency>
	<dependency>
		<groupId>net.sf.json-lib</groupId>
		<artifactId>json-lib</artifactId>
		<version>${json.version}</version>
		<classifier>jdk15</classifier>
	</dependency>
	<dependency>
		<groupId>com.thoughtworks.xstream</groupId>
		<artifactId>xstream</artifactId>
		<version>${xstream.version}</version>
	</dependency>
</dependencies>