{
	"EnableSDK" : 
	{
		"CMCC_GC"			: true,
		"CMCC_MM" 			: false,
		"UNICOM"			: true,
		"TELECOM_CTE" 		: true,
		"TELECOM_EGame" 	: false
	},
	"PurchaseCodes" :
	{
		"CMCC_GC" 			: ["008", "007", "006", "001"],
		"CMCC_MM" 			: ["30000769675905", "30000769675906", "30000769675907", "30000769675908"],
		"UNICOM" 			: ["008", "007", "006", "002"],
		"TELECOM_CTE" 		: ["EF9B588024E5116FE0430100007F3E9E", "EF9B588024E4116FE0430100007F3E9E", "EF9B588024E3116FE0430100007F3E9E", "EF9B588024E1116FE0430100007F3E9E"],
		"TELECOM_EGame" 	: ["108429", "108430", "108431", "108432"]
	},
	"AppInformations" :
	{
		"CMCC_MM" :
		{
			"AppID" 	: "300007696759",
			"AppKey"	: "F2874ADEC45E7911"
		},
		"TELECOM_CTE" :
		{
			"Props"		: ["购买道具二", "复活2", "复活3", "复活4", "复活5"],
			"Price"		: ["4", "5", "2", "2", "0.1"],
			"PriceType"	: [0, 0, 0, 0, 0],
			"ChannelID"	: "2234"
		}
	},
	"UsingSDKExitGameInterface" :
	{
		"CMCC_GC"			: false
	},
	"MoreGamesURL" :
	{
		"CMCC_GC"			: "",
		"CMCC_MM" 			: "http://mm.10086.cn/",
		"UNICOM"			: "http://store.wo.com.cn/",
		"TELECOM_CTE" 		: "http://www.189store.com/",
		"TELECOM_EGame" 	: "http://play.cn/"
	}
}