<?xml version="1.0" encoding="UTF-8" standalone="no"?>
<!-- WARNING: Jocky autogenerated file. 
              Any modifications will be overwritten.
-->
<project basedir="." default="build" name="GameDemo.jocky">
    <property name="jocky.jar" value="E:\adt-bundle-windows-x86-20130219\eclipse\myplugins\jocky\eclipse\plugins\org.apusic.jocky_1.0.3\jocky.jar"/>
    <property name="jocky.output.dir" value="jocky"/>
    <property name="jocky.scramble.level" value="private"/>
    <property name="target" value="1.5"/>
    <path id="project.classpath">
        <pathelement location="bin/classes"/>
        <pathelement location="E:\adt-bundle-windows-x86-20130219\sdk\platforms\android-8\android.jar"></pathelement>
        <pathelement location="E:\adt-bundle-windows-x86-20130219\androidcode\GameDemo\libs\TouchPay.jar"></pathelement>
    </path>
    <target name="init">
        <jocky jar="${jocky.jar}" level="${jocky.scramble.level}"/>
        <mkdir dir="${jocky.output.dir}"/>
        <mkdir dir="${jocky.output.dir}/bin/classes"/>
    </target>
    <target name="clean">
        <delete dir="${jocky.output.dir}/bin/classes"/>
        <delete dir="${jocky.output.dir}"/>
    </target>
    <target depends="init" name="build">
        <echo message="${ant.project.name}: ${ant.file}"/>
        <jocky enable="true"/>
        <javac destdir="${jocky.output.dir}/bin/classes" target="${target}" encoding="utf-8">
            <src path="gen"/>
            <src path="src"/>
            <classpath refid="project.classpath"/>
        </javac>
    </target>
</project>
